year,ENE01,ENE02,ENE03,ENE04,ENE05,ENE06,ENE07,ENE08,ENE09,ENE10,ENE11,ENE12,ENE13,ENE14,ENE15,ENE16,ENE17,ENE18,ENE19,ENE20,ENE21,ENE22,ENE23,ENE24,ENE25,ENE26,ENE27,ENE28,TRA01,TRA02,TRA03,TRA04,TRA05,TRA06,TRA07,TRA08,TRA09,TRA10,PRO01,PRO02,PRO03,PRO04,PRO05,PRO06,PRO07,PRO08,AGRI01,AGRI02,AGRI03,AGRI04,AGRI05,AGRI06,AGRI07,AGRI08,USC01,USC02,USC03,USC04,USC05,USC06,USC07,USC08,USC09,USC10,USC11,USC12,USC13,USC14,USC15,RES01,RES02,RES03,RES04,RES05,RES06,RES07,RES08
2010,0.033520665,0.041397429,0.038317792,0.052413054,0.0134438,0,0.029142933,0.046692293,0,0,0,0,0,0,0,0,0,0,0,0,0,0,0,0,0,0,0,0,0,0,0,0,0,0,0,0,0,0,0,0,0,0,0,0,0.179978728,0.103044686,0,0,0,0,0,0,0,0,0,0,0,0,0,0,0,0,0,0,0,0,0,0,0,0,0,0,0,0,0,0,0
2011,-0.033538432,-0.041403352,-0.038335559,-0.052454511,-0.013455645,0,-0.043642018,-0.046345207,0,0,0,0,0,0,0,0,0,0,0,0,0,0,0,0,0,0,0,0,0,0,0,0,0,0,0,0,0,0,0,0,0,0,0,0,0.171860215,0.098396528,0,0,0,0,0,0,0,0,0,0,0,0,0,0,0,0,0,0,0,0,0,0,0,0,0,0,0,0,0,0,0
2012,0.006911458,0.00696569,0.007212301,7.59E-06,-0.001434745,0,0.004310826,0.001544175,0,0,0,0,0,0,0,0,0,0,0,0,0,0,0,0,0,0,0,0,0,0,0,0,0,0,0,0,0,0,0,0.922170463,1.420909805,0.499590467,0,0,0.181462845,0.1038944,0,0,0,0,0,0,0,0,0,0,0,0,0,0,0,0,0,0,0,0,0,0,0,0,0,0,0,0,0,0,0
2013,0.152001615,0.2348659,0.250886665,0.031868333,0.030993277,0.31,0.003955484,-0.017695226,0,0,0,0,0.777389252,0,0,0,0,0,0,0,0,0,0,0,0,0,0,0,0,0,0,0,0,0,0,0,0,0,1.473858745,0.956534326,1.473858746,0.518207261,0.606911081,0.247718809,0.191798435,0.109811919,0,0,0,0,0,0,0,0,0,0,0,0,0,0,0,0,0,0,0,0,,0,0,0,0.268253143,0,0,0,0,0,0
2014,0.253413006,0.316942071,0.374271467,0.062521701,0.086780725,1.78,0.02515004,0.02476753,0,0,0,0,0.821193782,0,0,0,0,0,0,0,0,0,0,0,0,0,0,0,0,0,0,0,0,0,0,0,0,0,1.715214895,1.113174467,1.715214895,0.603067842,0.706297621,0.288284743,0.204740853,0.117221948,0,0,0,0,0,0,0,0,1.28,0,1.07,1.28,0.64,0.45,0.34,0,0.07,0.05,0,0,0.052272,1.661067215,1.075745913,0.031472312,0.911885163,0,0.008628941,0.003695853,0.012438757,0.007392076,0
2015,0.421961609,0.543970283,0.665158497,0.424929723,0.371863234,1.36,-0.173796384,0.051763139,0,0,0,0,0.844845688,0,0,0,0,0.009346036,0.000779672,0.001344935,0.027567437,0,0.013897902,0.007685961,0.022377318,0.007770191,0,0,0,0.004194168,0.002995834,0.003328704,0,0.006242702,0,0.366067017,0,0.018057901,1.772757687,1.150519738,1.772757685,0.623299829,0.729992808,0.297956248,0.21522024,0.123221796,0,0,0,0,0,0,0,0,2.56,1.83,2.14,2.56,1.28,0.89,0.67,0.198008099,0.14,0.1,2.51,2.2,0.104544,1.738267683,1.136795072,0.090115599,1.136777509,0,0.020571408,0.004663676,0.027480975,0.021856904,0.00098403
2016,0.618276127,0.755791159,0.869313523,0.511159825,0.472765042,1.27,0.122435717,0.12433583,0,0,0,0,0.880661257,0,0,0,0,0.017977443,0.001499729,0.002587032,0.045945729,0.01,0.026733124,0.014784228,0.043043593,0.014946247,0.034652383,0.042430971,0,0.010359594,0.009287085,0.010318984,0,0.016616468,0,0.311773698,1.119078304,0.024674227,1.832806444,1.189491382,1.832806443,0.644412913,0.75471991,0.308048943,0.230414478,0.131921077,0.263535256,0.278847702,0.024177546,0.051578766,0,0.00892338,0.017234313,0.024570283,3.83,3.65,3.2,3.83,1.91,1.32,0.99,0.396016198,0.21,0.14,2.51,2.2,0.156816,1.818973052,1.201177515,0.148405915,1.362293833,0.137557711,0.032447788,0.005621039,0.03452367,0.026025266,0.00098403
2017,0.80575743,0.978519148,1.147727438,0.421252896,1.244120079,1.68,0.029094911,0.145923664,0.01,0,0,0,0.921726947,0,0,0,0,0.023122898,0.002571969,0.004436647,0.073513166,0.03,0.034384606,0.019015729,0.055363411,0.01922412,0.033208595,0.089101206,0,0.018682919,0.019195806,0.021328673,0,0.026990233,0.020663322,0.337028149,1.171210139,0.031640842,1.895636935,1.23026837,1.895636934,0.666504051,0.780592486,0.318609178,0.245709482,0.14067805,0.529453951,0.56021733,0.048355093,0.103756603,0,0.026770139,0.03291419,0.048999843,5.1,5.47,4.25,5.1,2.55,1.75,1.31,0.594024297,0.29,0.19,2.51,2.2,0.209088,1.903342445,1.26907524,0.206509453,1.584375857,0.444056026,0.044290207,0.006588658,0.03452367,0.026025266,0.001136444
2018,1.006768896,1.214520029,1.412984871,0.513233364,1.438107603,2.16,0.078595814,0.122622937,0.02,0,0,0,0.960042169,0,0,0,0,0.030173308,0.003775713,0.006513104,0.091891457,0.04,0.044868827,0.024813821,0.072244287,0.025085753,0.036034733,0.137437669,0,0.030890463,0.033068015,0.036742239,0,0.037363999,0.136106199,0.351681013,1.219748511,0.039032882,1.961055609,1.27272509,1.961055608,0.689505191,0.807530832,0.329604421,0.25888375,0.148220821,0.797777642,0.844131695,0.072532639,0.156540469,0,0.053540278,0.047184185,0.072615923,6.36,7.29,5.3,6.37,3.18,2.17,1.63,0.792032396,0.36,0.24,2.51,2.2,0.26136,1.991542208,1.34068018,0.264564874,1.765580733,0.502626206,0.056126865,0.007568396,0.037015872,-0.134057845,0.002153029
2019,1.240744323,1.485741297,1.726657753,0.437036036,1.438220128,2.37,5.004148208,0.60286349,0.02,0,0,0,1.004401304,0,0,0,0,0.036224946,0.005439575,0.009383267,0.091891457,0.06,0.053867836,0.029790546,0.086733791,0.030117018,0.038423744,0.188126465,0,0.046038916,0.051275289,0.056972544,0,0.129436524,0.251553956,0.353841315,1.275572701,0.047144184,2.028822092,1.316705539,2.028822094,0.713331819,0.83543597,0.340994273,0.272866608,0.156226541,1.06852808,1.130613809,0.096710186,0.209937403,0,0.096669947,0.060172484,0.095469816,7.62,9.1,6.35,7.64,3.82,2.58,1.94,0.990040496,0.43,0.29,2.51,2.2,0.209088,2.083746241,1.41619475,0.322709069,1.9844155,0.561833062,0.067985617,0.008562136,0.037015872,0.032119613,0.002153029
2020,1.475406746,1.653001125,2.027023048,0.856488529,2.173631541,3.12,4.650502419,0.416127243,0.02,0,0,0.003926537,1.041931614,0,0,0,0,0.046560631,0.007768436,0.013400552,0.091891457,0.07,0.057697819,0.031908642,0.09290053,0.038709991,0.045554122,0.243883012,0,0.326038421,0.457025663,0.465271935,0.274244343,0.13469973,0.397358642,0.34130182,1.333496769,0.110170909,2.238169095,1.452571742,2.238169093,0.786938015,0.921641662,0.37618027,0.287702353,0.164720571,1.341727212,1.419686898,0.120887732,0.263954526,0,0.13900179,0.071993136,0.117607738,8.87,10.9,7.39,8.9,4.45,2.99,2.24,1.188048595,0.5,0.33,2.51,2.2,0.156816,2.180136336,1.495832415,0.381077522,2.212788812,0.621808608,0.079894037,0.009571788,0.041911268,0.041342499,0.003731423
2021,1.706877007,2.075598401,2.390301776,0.848108362,2.257214075,4.34,4.977684325,0.323813608,0.02,0,0,0.018418599,1.097490961,0,0,0,0,0.054142084,0.010323849,0.01780864,0.091891457,0.07,0.05750806,0.0318037,0.092594995,0.045013127,0.048070322,0.30464838,0,0.390273685,0.556590322,0.575687049,0.31117962,0.139962935,0.509178551,0.284305279,1.393644373,0.12950172,2.310098358,1.499253835,2.310098359,0.812228273,0.951260965,0.388269782,0.303296941,0.173649067,1.617397186,1.711374392,0.145065278,0.318599042,0,0.180550565,0.082747937,0.139071476,10.12,12.7,8.43,10.16,5.08,3.39,2.54,1.386056694,0.57,0.38,2.51,2.19,0.104544,2.280902542,1.579818297,0.43840153,2.41738788,0.680614412,0.09152722,0.010447715,0.047140442,0.041342499,0.005261973
2022,1.984524057,2.377337689,2.713740661,0.890311235,2.61488431,4.96,5.052450937,0.514848435,0.02,0,0,0.022208921,1.115487159,1,0,0,0,0.059834742,0.012478954,0.021526195,0.091891457,0.07,0.055610299,0.03075418,0.089539368,0.04974594,0.0491297,0.371449485,0,0.457720712,0.664505566,0.690159642,0.346589309,0.139962935,0.621368384,0.39988556,1.45478821,0.152240109,2.384412117,1.547483464,2.384412117,0.838356916,0.981862163,0.400760067,0.319861215,0.183132746,1.895560346,2.005699938,0.177302007,0.373878236,0,0.221330757,0.092528016,0.15989893,11.36,14.5,9.47,11.42,5.71,3.78,2.84,0.712829157,0.64,0.43,2.51,2.19,0.052272,2.386243534,1.668389808,0.493804112,2.580405595,0.737628962,0.102772181,0.011302707,0.051357158,0.046977277,0.005261973
2023,2.577241669,2.813130025,3.372285516,0.967953624,2.826869944,6.24,5.816459876,0.355291955,0.02,0,0,0.042226562,1.188910437,1,0,0,0,0.067639846,0.015674181,0.027037961,0.091891457,0.13,0.05587942,0.030903013,0.089972686,0.056235017,0.052099361,0.440854344,0,0.528540091,0.781357541,0.814880437,0.380228514,0.139962935,0.751132686,0.411882127,1.517100889,0.176780433,2.647092326,1.717962919,2.647092325,0.930715014,1.090029604,0.444910043,0.336586119,0.192708391,2.176239243,2.302687394,0.209538735,0.429799481,0,0.261356585,0.10141518,0.18012458,12.59,16.29,10.49,12.67,6.34,4.17,3.13,0.910837256,0.71,0.48,2.51,2.19,0.052272,2.496367007,1.761797324,0.547400591,2.752542518,0.792963855,0.113652241,0.012137898,0.051357158,0.046977277,0.006021575
2024,2.428335294,2.954236627,3.42947793,0.831975802,2.571502884,6.24,5.438806009,0.375509674,0.02,0,0,0.167247983,1.237637836,1,0,0,0,0.074323127,0.018600729,0.032086257,0.091891457,0.18,0.055260621,0.030560798,0.088976345,0.061791422,0.054301981,0.51280277,0,0.602900438,0.907770132,0.950588072,0.411831662,0.139962935,0.869258037,0.424238591,1.580750006,0.199080502,2.72596758,1.769152958,2.725967578,0.958447475,1.122509152,0.458167001,0.353948041,0.202648754,2.459456627,2.602360835,0.250529403,0.486370234,0.000522053,0.300642002,0.109483065,0.199779891,12.54,18.07,10.45,12.65,6.32,4.11,3.08,1.108845355,0.78,0.52,2.5,2.19,0.104544,2.611490086,1.86030489,0.599300243,2.919708669,0.846724745,0.1241895,0.01295437,0.051357158,0.046977277,0.006021575
2025,2.860443911,3.297716842,3.89201573,1.336917835,3.08675578,7.06,6.217004221,1.163166337,0.02,0,2.160732599,1.84158744,1.287387479,1,0,0,0,0.076715316,0.023039302,0.039742796,0.091891457,0.18,0.001814885,0.004969329,0.091840167,0.063780261,0.059004681,0.587671738,0,0.914398998,1.312942342,1.344806766,0.562153599,0.139962935,0.987406295,0.436965748,1.645900952,0.328739498,2.806985146,1.821733359,2.806985145,0.98693317,1.155870869,0.471784028,0.371937468,0.212948386,2.741045184,2.901305567,0.291520071,0.543385892,0.001044105,0.334930261,0.116798114,0.218893655,12.49,18.02,10.41,12.62,6.31,4.05,3.03,1.306853454,0.86,0.57,2.5,2.19,0.156816,2.731839752,1.964190969,0.649606632,3.08221648,0.898996391,0.134404901,0.013753164,0.055918777,0.046977277,0.006218874
2026,2.73557055,3.420244941,4.005050255,1.192287418,2.840023548,7.22,7.035641086,0.466115458,0.02,0,0.144742943,2.28475906,1.338552048,1,0,0,0,0.076455563,0.026788174,0.046209601,0.091891457,0.18,0.00180874,0.009905007,0.091529202,0.063564306,0.06184137,0.664871544,0,0.960118948,1.406444358,1.470911756,0.528546647,0.139962935,1.118099523,0.450074721,1.712670305,0.374115565,2.890310001,1.875811191,2.890310001,1.016230106,1.190182691,0.485788853,0.390247582,0.223431625,2.741045184,2.901305567,0.332510739,0.543385892,0.001566158,0.338700627,0.237378205,0.266665566,12.43,17.97,10.36,12.6,6.3,3.98,2.99,1.504861553,0.93,0.62,2.5,2.19,0.209088,2.857653293,2.073749228,0.698322819,3.240015706,0.949731562,0.144294422,0.014525003,0.055918777,0.046977277,0.006922246
2027,3.263521026,3.952862252,4.605520262,1.321341979,3.847929541,8.48,8.108909167,0.836363793,0.02,0,0.560363656,2.245523299,1.390924346,1,0,0,0,0.076544961,0.030650854,0.052872723,0.091891457,0.18,0.001810855,0.014874883,0.091636226,0.06363863,0.065051256,0.744523207,0,1.008124896,1.506490036,1.583469385,0.494039627,0.139962935,1.236525224,0.463576963,1.781184552,0.445864904,2.97603584,1.93144726,2.97603584,1.046371225,1.225483198,0.500197224,0.409229531,0.234299515,2.741045184,2.901305567,0.381560588,0.543385892,0.00208821,0.342467116,0.252296045,0.287078071,12.38,17.92,10.32,12.57,6.29,3.92,2.94,1.702869652,1,0.67,2.5,2.19,0.26136,2.989178769,2.189289367,0.745476551,3.393149391,0.998973954,0.153868179,0.015278701,0.055918777,0.046977277,0.006922246
2028,3.33196596,3.925945039,4.523530847,1.220768139,3.69218874,8.13,7.24845289,0.405001714,0.02,0,0.294283013,2.760314249,1.444615501,1,0,0,0,0.077789702,0.035042946,0.060449081,0.091891457,0.18,0.001840303,0.020155696,0.093126374,0.064673494,0.06940232,0.826699867,0,1.05853114,1.613499988,1.704230008,0.458626549,0.139962935,1.354981943,0.477484271,1.851628621,0.538272373,3.063895981,1.988468491,3.06389598,1.077262763,1.261662576,0.514964317,0.429017504,0.245628884,2.741045184,2.901305567,0.430610438,0.543385892,0.002610263,0.346229988,0.266490774,0.306973018,12.33,17.88,10.27,12.55,6.27,3.86,2.9,1.900877751,1.07,0.71,2.5,2.19,0.209088,3.126675501,2.311137999,0.791160369,3.541899848,1.046814034,0.163144888,0.01601521,0.055918777,0.046977277,0.006922246
2029,3.635736623,4.327541559,5.074371318,1.268751253,3.752549627,9.45,8.073381385,0.971578446,0.02,0,0.212666708,2.882451471,1.499736639,1,0,0,0,0.076430973,0.038256512,0.065992484,0.091891457,0.18,0.001808159,0.024754553,0.091499764,0.063543862,0.071534123,0.912395992,0,1.111457698,1.727920527,1.833732529,0.422303076,0.139962935,1.486700003,0.4918088,1.92419183,0.573274426,3.153584932,2.04667662,3.15358493,1.108797308,1.298595029,0.530038787,0.449565775,0.257393553,2.741045184,2.901305567,0.479660288,0.543385892,0.003417072,0.34998948,0.280011411,0.32637287,12.27,17.83,10.23,12.52,6.26,3.8,2.85,2.09888585,1.14,0.76,2.5,2.19,0.156816,3.270414585,2.439639566,0.835461959,3.686534677,1.093337555,0.172142284,0.016735446,0.055918777,0.046977277,0.006922246
2030,3.963552146,4.551490399,5.467048735,1.659882929,4.635854687,9.39,8.559251733,1.502011757,0.02,0,0.256557458,3.247583904,1.556399935,1,0,0,0,0.075456212,0.038631126,0.06515085,0.091891457,0.18,0.001785098,0.024438846,0.090332824,0.062733456,0.074035726,1.001783054,0,1.885203248,2.60115216,2.67454659,0.622030825,0.139962935,1.605470163,0.48663883,1.999069938,0.848163835,3.244750647,2.105843169,3.244750646,1.140851082,1.336135589,0.545361465,0.470995771,0.269663043,2.741045184,2.901305567,0.531628118,0.543385892,0.00422388,0.353745804,0.292879307,0.345408843,12.22,17.78,10.18,12.5,6.25,3.74,2.81,1.425658314,1.21,0.81,2.5,2.19,0.104544,3.420679424,2.575157318,0.878464417,3.827307572,1.13862477,0.180877172,0.017440286,0.055918777,0.046977277,0.006922246
2031,4.147554539,4.85966139,5.578727036,1.632059593,4.79063014,10.2,7.994507573,0.847868315,0.02,0,0.250167211,3.58668748,1.614667359,1,0,0,0,0.070797157,0.037055102,0.061128101,0.091891457,0.18,0.001674877,0.022929866,0.08475521,0.05885997,0.072779136,1.001783054,0,1.979463411,2.754774809,2.923042136,0.560262756,0.139962935,1.607003718,0.475288606,2.076380003,0.910387779,3.337521397,2.166051386,3.337521396,1.173469185,1.374337076,0.560953909,0.493278035,0.28242049,2.741045184,2.901305567,0.583595947,0.543385892,0.005030689,0.357499157,0.294119674,0.343599795,12.17,17.73,10.14,12.47,6.23,3.68,2.76,1.425658314,1.28,0.86,2.5,2.19,0.052272,3.577766286,2.71807434,0.920196274,3.964276069,1.182678564,0.189352871,0.018125143,0.055918777,0.046977277,0.006922246
2032,4.309833646,4.935734348,5.60166441,1.685408383,4.705549244,10.44,9.279861497,1.147920076,0.02,0,-0.507843999,3.860899551,1.67566598,1,0,0,0,0.072557133,0.039082108,0.062647709,0.091891457,0.18,0.001716514,0.023499889,0.086862175,0.060323194,0.078106318,1.001783054,0.001767378,2.078436581,2.917256842,3.108783511,0.496866365,0.139962935,1.608578678,0.486669924,2.156238751,0.974377568,3.432039613,2.227393709,3.432039613,1.206701696,1.413258142,0.576840058,0.516457036,0.295691352,2.741045184,2.901305567,0.635563777,0.543385892,0.005837497,0.361249715,0.295360033,0.341862949,12.12,17.68,10.1,12.44,6.22,3.63,2.72,1.425658314,1.35,0.9,2.5,2.18,0.052272,3.741984892,2.868794631,0.960697843,4.097543144,1.225547787,0.197579923,0.018794987,0.055918777,0.046977277,0.006922246
2033,3.773575257,4.381405596,5.247959208,1.367364786,4.137758924,10.19,9.164133973,1.077892467,0.02,0,-0.83157308,3.918388083,1.738288344,1,0,0,0,0.074455318,0.041239314,0.064286652,0.091891457,0.18,0.00176142,0.024114676,0.089134598,0.061901324,0.083889552,1.001783054,0.001855747,2.182358411,3.089100141,3.305791418,0.43183324,0.139962935,1.610196163,0.497804614,2.238858599,1.040926948,3.527871638,2.289588693,3.527871637,1.24039614,1.452720212,0.592947025,0.540822575,0.309641552,2.741045184,2.901305567,0.697202625,0.543385892,0.006644306,0.364997643,0.296600385,0.340194067,12.07,17.64,10.05,12.42,6.21,3.57,2.68,1.623666413,1.43,0.95,2.49,2.18,0.104544,3.913659023,3.02774425,1.000042427,4.227334379,1.267304737,0.205573155,0.019450613,0.055918777,0.046977277,0.006922246
2034,3.792615705,4.40677766,5.10173567,1.412724287,3.795880713,10.73,9.326035069,0.966385381,0.02,0,3.566036145,3.805821426,1.802888904,1,0,0,0,0.069243537,0.039671782,0.059786665,0.091891457,0.18,0.001638123,0.022426678,0.082895284,0.057568307,0.081622027,1.001783054,0.001948534,2.291476331,3.270834628,3.514728157,0.365158197,0.139962935,1.611857319,0.508588247,2.324462476,1.110138304,3.624529514,2.352319655,3.624529515,1.274380953,1.492522356,0.609192798,0.566202277,0.324172399,2.741045184,2.901305567,0.758841473,0.543385892,0.007522304,0.368743089,0.29784073,0.338589236,12.01,17.59,10.01,12.39,6.2,3.52,2.64,1.821674512,1.43,0.95,2.49,2.18,0.156816,4.089551126,3.195372518,1.038299502,4.353863651,1.308017963,0.213346618,0.020092784,0.055918777,0.046977277,0.006922246
2035,3.705955902,4.752511932,5.548302591,1.247335931,3.971981468,11.34,10.43858745,0.69908696,0.02,0,3.069539424,4.913710205,1.869591588,1,0,0,0,0.067009011,0.039668152,0.057857317,0.091891457,0.18,0.001585259,0.021702957,0.080220209,0.055710547,0.082604574,1.001783054,0.002045961,2.588405145,3.55411124,3.736294091,0.296839627,0.139962935,1.613563327,0.518897249,2.413286043,1.45884586,3.721463643,2.415229905,3.721463644,1.308462896,1.532438255,0.625485002,0.592647025,0.339313026,2.741045184,2.901305567,0.823398301,0.543385892,0.008400301,0.372486191,0.299081067,0.337044837,11.96,17.54,9.97,12.37,6.18,3.46,2.6,2.019682611,1.43,0.95,2.49,2.18,0.209088,4.277006243,3.372153289,1.075534928,4.477333781,1.347751918,0.220913634,0.02072223,0.055918777,0.046977277,0.006922246
2036,4.300705483,5.192971103,6.016359456,1.540343855,4.303489001,12.12,7.935270062,0.79517176,0.02,0,3.084783627,4.986234474,1.938472771,1,0,0,0,0.067588333,0.041556264,0.058357519,0.091891457,0.18,0.001598965,0.021890589,0.080913748,0.056192189,0.087102423,1.001783054,0.002148259,2.706555516,3.763456204,4.130769454,0.234669729,0.139962935,1.615315397,0.528585689,2.505491486,1.526289917,3.818604922,2.478274595,3.818604923,1.342617672,1.572439455,0.641812022,0.620209693,0.355093705,2.741045184,2.901305567,0.887955129,0.543385892,0.009278299,0.376227075,0.300321396,0.335557521,11.91,17.49,9.93,12.34,6.17,3.41,2.56,2.21769071,1.43,0.95,2.49,2.18,0.26136,4.472971253,3.558586291,1.111705563,4.597552423,1.386412439,0.228260326,0.021328245,0.055918777,0.046977277,0.006922246
2037,4.700473765,5.557678901,6.399841195,2.176770401,5.146192008,13.08,8.875868763,0.899816296,0.02,0,3.4891305,5.966374577,2.009592855,1,0,0,0,0.064257997,0.040977655,0.055482021,0.091891457,0.18,0.001520178,0.020811955,0.076926818,0.053423385,0.086543623,1.001783054,0.002255672,2.826874271,3.980399036,4.411757142,0.179434166,0.139962935,1.617114773,0.614374248,2.601220492,1.596431736,3.916042592,2.541511641,3.916042591,1.376876659,1.612562703,0.658188858,0.648634702,0.371368107,2.741045184,2.901305567,0.952511957,0.543385892,0.010156296,0.379965859,0.301561718,0.334124181,11.86,17.45,9.88,12.32,6.16,3.36,2.52,2.415698809,1.43,0.95,2.49,2.18,0.209088,4.675877999,3.755198535,1.146798729,4.71444013,1.424007435,0.235389166,0.021920288,0.055918777,0.046977277,0.006922246
2038,4.521440248,5.602629758,6.487788523,2.014734112,4.845690498,13.21,9.102346346,1.14091177,0.02,0,3.364385062,6.611566244,2.083054976,1,0,0,0,0.063588777,0.042004618,0.054904199,0.091891457,0.18,0.001504346,0.020595208,0.076125658,0.052867003,0.08947722,1.001783054,0.002368456,2.949282874,4.205176162,4.717564647,0.131981795,0.139962935,1.618962732,0.632805475,2.700694873,1.669379228,4.013403578,2.604698922,4.013403578,1.411108685,1.652654375,0.674552806,0.678259205,0.388329264,2.741045184,2.901305567,1.026739803,0.543385892,0.011176672,0.383702651,0.302802033,0.332741929,11.81,17.4,9.84,12.29,6.15,3.3,2.48,2.613706908,1.43,0.95,2.49,2.18,0.156816,4.887996712,3.932008503,1.180876409,4.828191302,1.460599176,0.243283386,0.022499061,0.055918777,0.046977277,0.006922246
2039,5.069378753,5.887555411,6.883581112,1.809938246,5.2285723,14.23,9.077591802,1.271507172,0.02,0,3.625917319,6.843190487,2.158963313,1,0,0,0,0.064463,0.044055815,0.055659025,0.091891457,0.18,0.001525027,0.020878352,0.077172238,0.053593822,0.094744304,1.001783054,0.002486878,3.073689511,4.438028652,5.04997148,0.093229026,0.139962935,1.620860585,0.65178964,2.804147119,1.74524462,4.110288956,2.667577533,4.110288957,1.445173487,1.6925502,0.690836816,0.70914091,0.406010218,2.741045184,2.901305567,1.10096765,0.543385892,0.012197048,0.38743755,0.304042339,0.331408084,11.76,17.35,9.8,12.27,6.13,3.25,2.44,2.811715007,1.43,0.95,2.49,2.18,0.104544,5.109745613,4.1490096,1.213997336,4.938990195,1.496246681,0.249042781,0.023065233,0.055918777,0.046977277,0.006922246
2040,5.152173611,6.14115168,6.973423601,2.387429422,5.631057177,15.18,10.60709927,0.933266106,0.01,0,2.590330127,7.278544567,2.237425448,1,0,0,0,0.059382039,0.042393419,0.051271992,0.091891457,0.18,0.001404825,0.019232724,0.071089538,0.049369567,0.09113923,1.001783054,0.002611222,3.199987965,4.81931965,5.410873056,0.064164449,0.139962935,1.622809681,0.671343329,2.911825431,2.195592759,4.206250164,2.729856355,4.206250162,1.478913351,1.732065465,0.706965496,0.741339908,0.424445373,2.741045184,2.901305567,1.175195496,0.543385892,0.013217423,0.391170651,0.305282638,0.330120145,11.71,17.3,9.76,12.24,6.12,3.2,2.4,2.13848747,1.43,0.95,2.49,2.18,0.052272,5.341561915,4.377858956,1.246217171,5.046958984,1.531004737,0.255590695,0.023619448,0.055918777,0.046977277,0.006922246
2041,5.134584145,6.164841196,7.137236604,2.189266621,5.55359246,15.55,7.403759303,1.281696565,0.01,0,2.351658253,7.772293304,2.318522105,1,0,0,0,0.058021464,0.043190693,0.050097236,0.091891457,0.18,0.001372637,0.01879206,0.069460718,0.0482384,0.09297247,1.001783054,0.002741783,3.333996441,5.072072572,5.978858003,0.039750205,0.139962935,1.624811403,0.691483629,3.023942307,2.294357721,4.301110387,2.791420642,4.301110388,1.512266111,1.771127365,0.722909129,0.773848768,0.443057936,2.741045184,2.901305567,1.252924918,0.543385892,0.014237799,0.394902039,0.306522929,0.328875783,11.66,17.26,9.72,12.22,6.11,3.15,2.37,2.336495569,1.43,0.95,2.49,2.18,0.052272,5.583902678,4.619203487,1.277533732,5.151911132,1.564728067,0.261953312,0.024156386,0.055918777,0.046977277,0.006922246
2042,5.351994679,6.424774411,7.378514325,2.194952105,5.854745432,16.46,8.550011732,1.134032718,0.01,0,4.089698818,7.981945521,2.402324349,2,0,0,0,0.060191838,0.046641062,0.051971194,0.091891457,0.18,0.001423983,0.019495003,0.072058994,0.050042826,0.100678449,1.001783054,0.002878873,3.476170196,5.326231206,6.405483666,0.020523987,0.139962935,1.626867171,0.712228137,3.140704538,2.397073283,4.394780812,2.852212747,4.394780813,1.545200539,1.809699323,0.738652785,0.807710005,0.462444785,2.741045184,2.901305567,1.331023645,0.543385892,0.015329363,0.398631795,0.307763212,0.327672823,11.61,17.21,9.67,12.19,6.1,3.11,2.33,2.534503668,1.43,0.95,2.48,2.17,0.104544,5.83724571,4.873725429,1.307959791,5.253793956,1.597362443,0.268135844,0.024681227,0.055918777,0.046977277,0.006922246
2043,5.527770887,6.659122948,7.710937458,2.302206389,5.884357327,17.29,9.068810364,1.536922918,0.02,0,3.516057189,8.440456103,2.488923293,2,0,0,0,0.062255759,0.050138011,0.053753237,0.091891457,0.18,0.00147281,0.020163468,0.074529828,0.051758747,0.108677016,1.001783054,0.003022816,3.626990736,5.581304243,6.857672554,0.007065635,0.139962935,1.628978445,0.733594982,3.262366017,2.503897466,4.486944614,2.912027054,4.486944613,1.577605239,1.847650879,0.754143216,0.842985736,0.482641487,2.741045184,2.901305567,1.349115119,0.543385892,0.016420928,0.402359993,0.309003487,0.326509232,11.56,17.16,9.63,12.17,6.08,3.06,2.29,2.732511768,1.43,0.95,2.48,2.17,0.156816,6.102090517,5.14214427,1.337546069,5.352781302,1.628968086,0.274148552,0.025194569,0.055918777,0.046977277,0.006922246
2044,5.724926884,6.975141091,8.004213666,2.441737638,5.764962166,18.47,10.61872949,1.300869877,0.02,0,3.182331132,8.919102774,2.578409436,2,0,0,0,0.061077568,0.051516346,0.052735956,0.091891457,0.18,0.001444937,0.019781874,0.07311935,0.050779212,0.111258377,1.001783054,0.003173957,3.786967306,5.836747724,7.336914427,0,0.139962935,1.631146723,0.755602831,3.389193493,2.614994617,4.577274597,2.970651213,4.577274597,1.609365171,1.884847298,0.769325428,0.879740666,0.503685086,2.741045184,2.901305567,1.367206593,0.543385892,0.017512492,0.406086705,0.310243755,0.32538311,11.51,17.12,9.59,12.14,6.07,3.01,2.26,2.930519867,1.43,0.95,2.48,2.17,0.209088,6.378959277,5.425218779,1.366340635,5.449037944,1.65960206,0.28000116,0.025696985,0.055918777,0.046977277,0.006922246
2045,5.902657478,6.9490234,8.184964673,2.794000741,6.073340441,19.55,12.66991167,1.436292348,0.02,0,3.644987379,9.097129487,2.670872492,2,0,0,0,0.06393168,0.056359613,0.05520027,0.091891457,0.18,0.001512458,0.020706267,0.076536165,0.053152088,0.12150672,1.001783054,0.003332655,3.956638456,6.26238363,7.84478411,0,0.139962935,1.633373544,0.755609693,3.521467703,3.192484876,4.665433537,3.027866367,4.665433539,1.640361767,1.921149718,0.784142742,0.918042219,0.525614186,2.741045184,2.901305567,1.385298068,0.543385892,0.018604057,0.409811996,0.311484014,0.324292674,11.46,17.07,9.55,12.12,6.06,2.96,2.22,3.128527966,1.43,0.95,2.48,2.17,0.26136,6.66839788,5.723749156,1.394389052,5.542720071,1.689317842,0.285702884,0.026189024,0.055918777,0.046977277,0.006922246
2046,6.078729806,7.300635041,8.444364873,2.790921104,6.154536257,20.92,10.71177968,1.364399617,0.02,0,2.33519404,9.354279183,2.766385351,2,0,0,0,0.064651406,0.059457465,0.0558217,0.091891457,0.18,0.001529485,0.020939373,0.07739779,0.053750461,0.128186532,1.001783054,0.003499288,4.138354244,6.523978993,8.605956674,0,0.139962935,1.63566049,0.752328595,3.659456351,3.332976553,4.751237615,3.083553213,4.751237617,1.670530395,1.956482443,0.798564262,0.957960668,0.548469021,2.741045184,2.901305567,1.406891118,0.543385892,0.019743081,0.413535926,0.312724265,0.323236256,11.41,17.03,9.51,12.09,6.05,2.92,2.19,3.326536065,1.43,0.95,2.48,2.17,0.209088,6.970976995,6.038579292,1.420903525,5.633936868,1.718210376,0.290694828,0.026665066,0.055918777,0.046977277,0.006922246
2047,6.480267102,7.652720472,8.897426867,2.90540069,6.77306952,22.97,13.14404641,1.570197165,0.02,0,4.010161268,9.52549516,2.86501783,2,0,0,0,0.064853876,0.062114752,0.055996518,0.091891457,0.18,0.001534275,0.02100495,0.077640179,0.053918792,0.134132395,1.001783054,0.003674252,4.332894955,6.788503033,9.181002042,0,0.139962935,1.638009183,0.772021112,3.803439694,3.479087898,4.834506813,3.137594921,4.834506813,1.699807761,1.990771345,0.812559733,0.999569278,0.572291536,2.741045184,2.901305567,1.428484168,0.543385892,0.020882105,0.417258554,0.313964508,0.322212287,11.36,16.98,9.47,12.07,6.04,2.87,2.15,3.524544164,1.43,0.95,2.48,2.17,0.156816,7.287293201,6.370599154,1.447655921,5.722801071,1.746377034,0.296640285,0.027130379,0.055918777,0.046977277,0.006922246
2048,6.329009542,7.72159774,8.864320768,2.79992312,6.722196284,23.99,12.94715152,1.630037781,0.02,0,3.934414041,9.900559422,2.966851646,2,0,0,0,0.066575815,0.063763964,0.057483285,0.091891457,0.18,0.001575011,0.021562653,0.079701607,0.055350393,0.143616958,1.001783054,0.003857965,4.541088792,7.055594627,9.781384851,0,0.139962935,1.640421291,0.791716338,3.953739362,3.631043696,4.914908448,3.189775583,4.914908448,1.728076895,2.023879432,0.826073237,1.042944444,0.597125474,2.741045184,2.901305567,1.450077218,0.543385892,0.022021129,0.420979934,0.315204742,0.321219296,11.31,16.93,9.43,12.05,6.02,2.83,2.12,3.026695229,1.43,0.95,2.48,2.17,0.104544,7.617970164,6.7207473,1.47402517,5.809445978,1.773852042,0.301887782,0.027585485,0.055918777,0.046977277,0.006922246
2049,6.723143865,8.065095722,9.390761038,2.847835166,6.824238874,25.07,13.40912208,1.626990715,0.02,0,3.427280727,9.835827819,3.071965668,3,0,0,0,0.064618867,0.061889669,0.055793605,0.091891457,0.18,0.001528715,0.020928834,0.077358836,0.053723408,0.145379405,1.001783054,0.004050863,4.763814717,7.324849222,10.40820123,0,0.139962935,1.642898526,0.811317323,4.110694416,3.789077726,4.992107484,3.239877756,4.992107482,1.755219999,2.055668739,0.839048465,1.087613086,0.622699975,2.741045184,2.901305567,1.471670268,0.543385892,0.023160153,0.424700117,0.316444968,0.320255897,11.27,16.89,9.39,12.02,6.01,2.79,2.09,2.851316627,1.43,0.95,2.48,2.17,0.052272,7.96365986,7.090013534,1.49916682,5.893997958,1.800674879,0.30699881,0.02803088,0.055918777,0.046977277,0.006922246
2050,7.117278188,8.408593704,9.917201308,2.895747212,6.926281464,26.15,13.87109264,1.626990715,0.02,0,3.634623216,10.31737646,3.173405792,3,0,0,0,0.062101331,0.059478461,0.053619899,0.091891457,0.18,0.001469156,0.020113452,0.074344953,0.051630356,0.145702114,1.001783054,0.004253406,5.002005453,7.763728961,11.06259358,0,0.139962935,1.645442647,0.830708197,4.27466246,4.525490753,5.065769015,3.28768409,5.065769014,1.78111932,2.086001361,0.851429127,1.134158055,0.649348745,2.741045184,2.901305567,1.493397031,0.543385892,0.02435602,0.428419149,0.317685186,0.319320787,11.22,16.84,9.35,12,6,2.74,2.06,2.851316627,1.43,0.95,2.48,2.17,0.052272,8.325043869,7.485550968,1.523671929,6.010650601,1.825887459,0.311981085,0.02846704,0.055918777,0.046977277,0.006922246
